id,status,battery,user,location,geofencing
1,0,75,0,"-8.667446,40.59871533333333",INSIDE
2,0,100,0,"-8.657258749008179,40.637306488380176",INSIDE
3,0,100,0,"-8.653804063796997,40.62839089644828",INSIDE
4,0,100,0,"2,2",OUTSIDE
