id,status,battery,user,location
1,1,78,136412627233,"0.0,0.0"
2,2,100,136412627233,"-8.657258749008179,40.637306488380176"
3,0,100,0,"-8.653804063796997,40.62839089644828"
4,0,100,0,"-8.657569885253906,40.62304096987817"
